x1,x2,label,score1,score2,score3,score4
2.17,1.1269,1,0.96223,0.00016658,0.037483,0.00012375
3.8433,2.1045,1,0.95552,0.010197,0.034255,3.1965e-05
2.1848,0.699,1,0.98727,4.1656e-05,0.012663,2.3562e-05
1.8385,1.3243,1,0.90245,0.00025262,0.096615,0.00067802
3.3203,2.0668,1,0.92593,0.0066239,0.067315,0.00013164
3.6079,3.3533,1,0.3529,0.20942,0.4348,0.0028899
3.2287,-0.17293,1,0.99971,4.0488e-06,0.00028111,3.5263e-08
2.8423,3.236,1,0.23337,0.062774,0.69133,0.012531
2.5707,1.7264,1,0.91021,0.0014204,0.088026,0.0003438
2.0006,0.55287,1,0.98835,2.3315e-05,0.011599,2.3603e-05
2.3729,0.51154,1,0.99404,2.4862e-05,0.0059292,6.5258e-06
1.3187,1.7451,1,0.58391,0.00050223,0.40489,0.010698
0.39241,2.6459,1,0.025577,0.00026825,0.72663,0.24753
1.2783,0.038677,1,0.99044,2.9045e-06,0.00953,2.9715e-05
3.4781,0.98238,1,0.99618,0.00021226,0.003606,1.3754e-06
1.346,0.54442,1,0.9694,1.5765e-05,0.030422,0.0001643
0.78422,0.64696,1,0.91083,1.5494e-05,0.087895,0.0012636
2.0355,1.3397,1,0.92334,0.00030156,0.075959,0.00040403
1.6235,1.6492,1,0.74298,0.00054555,0.25275,0.003727
1.8854,1.404,1,0.89027,0.00033268,0.10861,0.00078699
1.9237,0.3353,1,0.99244,1.0927e-05,0.0075367,1.3013e-05
1.9228,1.1637,1,0.94074,0.00016154,0.058805,0.00029549
1.3988,1.0923,1,0.89459,9.205e-05,0.10426,0.001053
3.4663,1.6335,1,0.97928,0.0017977,0.018904,1.6977e-05
0.59965,-2.5444,1,0.99996,3.9041e-10,3.8273e-05,1.1919e-08
1.688,0.95723,1,0.94931,7.2659e-05,0.050343,0.00027628
2.1582,0.64951,1,0.9883,3.4897e-05,0.011642,2.1157e-05
1.4449,1.9293,1,0.51562,0.00087291,0.47048,0.013027
1.5246,-0.1197,1,0.9956,1.9651e-06,0.0043872,7.6947e-06
1.9129,0.97726,1,0.96176,8.8537e-05,0.037996,0.00015243
1.9128,1.3172,1,0.91352,0.00025962,0.085687,0.00053272
1.6164,1.8651,1,0.62155,0.0009307,0.37023,0.0072882
0.92135,0.73617,1,0.90959,2.2355e-05,0.089219,0.0011701
1.6906,0.85002,1,0.96111,5.1619e-05,0.038652,0.00018404
1.7228,2.1032,1,0.51239,0.0017874,0.47499,0.010824
2.2334,2.6791,1,0.34463,0.010616,0.63078,0.013974
2.2133,0.70102,1,0.98775,4.259e-05,0.012189,2.1783e-05
3.1508,1.4317,1,0.9808,0.00078113,0.018397,2.0499e-05
3.6378,1.5946,1,0.98502,0.0017391,0.013236,8.7297e-06
3.5098,0.4611,1,0.99905,3.8411e-05,0.00091498,1.7001e-07
0.98877,0.23983,1,0.97543,4.7878e-06,0.024416,0.00015263
4.0102,1.2113,1,0.99655,0.0006001,0.0028521,6.5488e-07
2.5912,2.7649,1,0.41965,0.020736,0.55166,0.0079595
2.1627,1.2285,1,0.95108,0.00022971,0.048507,0.00018455
0.71005,0.49371,1,0.93091,9.1614e-06,0.068176,0.00089972
1.9776,0.26023,1,0.99424,8.7789e-06,0.005743,8.2997e-06
3.3764,0.75756,1,0.99752,9.5589e-05,0.0023829,7.9306e-07
1.1385,0.28005,1,0.97833,5.9364e-06,0.021556,0.00011324
0.49066,0.034696,1,0.96876,1.8536e-06,0.030923,0.00031452
2.4692,2.618,1,0.4683,0.013335,0.51103,0.0073348
3.3869,1.3341,1,0.98927,0.0006452,0.010074,6.9346e-06
3.0686,0.55278,1,0.99769,4.1236e-05,0.0022711,9.2351e-07
1.7871,2.3606,1,0.37442,0.0031723,0.60498,0.017428
1.615,1.1346,1,0.91409,0.00012125,0.085133,0.00065542
1.4204,0.46576,1,0.97749,1.2735e-05,0.022402,9.7721e-05
4.5128,1.1693,1,0.99813,0.00068091,0.0011869,1.2103e-07
0.4431,0.10442,1,0.96016,2.258e-06,0.039367,0.0004706
2.3976,1.1275,1,0.97298,0.00019017,0.026763,6.2744e-05
3.551,3.0924,1,0.51588,0.12505,0.35722,0.0018485
1.3163,0.42134,1,0.97642,1.0394e-05,0.023454,0.00011305
1.5287,2.3642,1,0.28279,0.0021173,0.68579,0.029305
2.667,3.2408,1,0.18987,0.047323,0.7451,0.017699
0.63248,-0.35232,1,0.99045,5.656e-07,0.0095037,4.7415e-05
2.7154,0.34272,1,0.99769,1.7065e-05,0.0022895,1.2097e-06
2.1576,-0.20326,1,0.99865,2.0835e-06,0.0013462,8.1637e-07
0.48564,-0.74822,1,0.99561,1.4157e-07,0.0043734,1.6351e-05
1.7286,2.1165,1,0.50615,0.0018508,0.48095,0.011051
1.1903,1.6826,1,0.57393,0.00037508,0.41346,0.012232
2.8036,0.12714,1,0.99883,8.7538e-06,0.0011571,4.0548e-07
0.018878,-1.3226,1,0.99791,1.6525e-08,0.0020831,7.5124e-06
2.5585,0.94149,1,0.98666,0.00011323,0.01321,1.9123e-05
1.8008,0.2702,1,0.99226,8.2525e-06,0.0077124,1.4739e-05
2.3373,2.9713,1,0.22433,0.019238,0.73611,0.020317
1.7097,-0.93696,1,0.99958,1.4458e-07,0.00041484,1.9211e-07
2.4187,1.4057,1,0.94813,0.00047154,0.051233,0.00016651
2.6938,1.6166,1,0.94173,0.0010891,0.057022,0.0001606
1.9937,-1.0786,1,0.99981,1.0497e-07,0.00018716,4.7067e-08
2.6879,1.2122,1,0.97829,0.00029495,0.021374,3.6078e-05
1.9257,1.8724,1,0.7226,0.0013039,0.2727,0.0033993
1.6028,1.4075,1,0.83864,0.00027328,0.15931,0.0017755
2.285,1.7796,1,0.85151,0.0013643,0.14618,0.00094062
2.7488,2.2872,1,0.75807,0.0083437,0.23216,0.0014275
1.6295,1.67,1,0.73447,0.00057965,0.26103,0.0039182
1.1202,-1.5294,1,0.99977,1.4872e-08,0.00022739,1.1941e-07
1.5914,1.7846,1,0.6602,0.00074688,0.33292,0.0061343
0.27474,0.39707,1,0.89745,5.0996e-06,0.10029,0.0022528
1.4659,1.7752,1,0.62064,0.00063729,0.37057,0.0081517
1.2326,0.37316,1,0.97628,8.4764e-06,0.023589,0.00012123
3.2243,3.7721,1,0.10507,0.20443,0.67675,0.013755
0.72082,-0.74887,1,0.99694,1.6006e-07,0.0030469,7.984e-06
2.1101,1.1932,1,0.95151,0.00019886,0.048101,0.00018933
2.6259,0.93455,1,0.98815,0.00011482,0.011719,1.5188e-05
1.9261,0.33441,1,0.99248,1.0908e-05,0.0074928,1.2876e-05
1.0508,1.0272,1,0.85376,5.8974e-05,0.14392,0.0022592
1.3823,-1.0566,1,0.99949,8.1844e-08,0.00050579,3.289e-07
1.3339,0.64512,1,0.96008,2.1667e-05,0.039653,0.0002483
1.656,1.7924,1,0.67799,0.0008144,0.31586,0.0053337
1.864,0.59309,1,0.98415,2.4693e-05,0.015779,4.1552e-05
1.7729,1.1952,1,0.9208,0.00016228,0.07852,0.00051517
2.3704,2.2716,1,0.64916,0.0055626,0.34163,0.0036425
2.385,1.3735,1,0.94964,0.00041694,0.049782,0.00016329
3.423,3.2015,1,0.40881,0.13308,0.45482,0.0032856
3.1676,2.1157,1,0.89918,0.0069821,0.093588,0.00024539
2.4425,2.6393,1,0.44475,0.013399,0.53366,0.0081947
0.75463,-0.15069,1,0.98682,1.1728e-06,0.013108,7.0529e-05
2.8253,-0.33417,1,0.99965,1.9186e-06,0.00034655,6.4888e-08
2.5294,1.0089,1,0.98349,0.00013902,0.016342,2.6958e-05
1.8408,0.9445,1,0.96075,7.6388e-05,0.03901,0.00016726
2.6496,2.3209,1,0.71268,0.0083285,0.27693,0.0020652
1.7678,-0.27691,1,0.99797,1.3288e-06,0.0020296,2.0149e-06
0.90075,0.94878,1,0.84963,4.1813e-05,0.14771,0.0026276
-0.98653,-0.20643,1,0.84849,3.3579e-07,0.14171,0.0097979
2.2337,1.2283,1,0.95591,0.00023946,0.043698,0.00014935
2.2756,0.46894,1,0.9938,2.0505e-05,0.0061766,7.4525e-06
3.0871,0.84142,1,0.9953,0.0001082,0.0045884,2.6315e-06
2.4709,1.1314,1,0.97554,0.00020073,0.024213,5.1077e-05
1.4929,-0.23935,1,0.99659,1.3008e-06,0.0034012,5.3642e-06
1.4038,0.61666,1,0.96645,2.0588e-05,0.033349,0.00018117
1.1026,0.65934,1,0.94192,1.9734e-05,0.057537,0.00052008
1.7845,1.4306,1,0.86646,0.00033532,0.13205,0.0011528
1.5816,0.21227,1,0.99067,6.0595e-06,0.0093035,2.2962e-05
1.9631,2.0778,1,0.61968,0.0022543,0.37235,0.0057161
1.5842,0.081864,1,0.99331,3.9476e-06,0.006669,1.3861e-05
2.8188,2.8585,1,0.4414,0.033533,0.51908,0.0059948
1.8519,1.9066,1,0.6804,0.0013231,0.31371,0.0045672
1.5991,0.29568,1,0.98879,8.0493e-06,0.011175,2.991e-05
3.1214,1.6927,1,0.9615,0.0017921,0.036645,5.9746e-05
2.6222,1.5086,1,0.95033,0.00073975,0.048802,0.00013323
1.6099,0.78709,1,0.96244,4.0211e-05,0.037331,0.00018511
2.1681,0.64803,1,0.98852,3.4914e-05,0.011427,2.042e-05
0.31169,-0.016946,1,0.96404,1.4147e-06,0.035519,0.00044273
0.81161,-0.6598,1,0.99667,2.2551e-07,0.0033233,8.5176e-06
0.9382,1.0995,1,0.80268,6.6427e-05,0.19331,0.0039466
2.5148,0.94412,1,0.98566,0.00011152,0.014205,2.2037e-05
2.4907,0.63934,1,0.99311,4.0374e-05,0.0068425,7.4343e-06
2.0988,1.1414,1,0.95654,0.00016737,0.043128,0.00016152
2.5083,-0.87283,1,0.99986,2.7215e-07,0.00014332,2.1625e-08
1.5901,0.87582,1,0.95197,5.2832e-05,0.047704,0.00027324
2.1784,-0.94735,1,0.9998,1.7872e-07,0.00019678,4.4355e-08
2.3127,1.9403,1,0.79855,0.0022123,0.19773,0.001501
1.945,0.62902,1,0.98466,2.9042e-05,0.015274,3.728e-05
3.5055,1.8567,1,0.96523,0.0037915,0.030948,3.4925e-05
2.0133,1.3834,1,0.91235,0.00034054,0.086802,0.0005051
2.5477,2.0287,1,0.81859,0.0034402,0.17691,0.0010559
2.1176,0.62689,1,0.98825,3.169e-05,0.011697,2.1949e-05
2.8785,0.90137,1,0.99253,0.00011797,0.0073414,6.2297e-06
0.33912,0.076216,1,0.9566,1.9398e-06,0.042825,0.00057745
2.7489,0.79817,1,0.99302,7.83e-05,0.0068935,6.2267e-06
0.99233,-0.4822,1,0.99604,4.4665e-07,0.0039532,9.6984e-06
2.3613,1.2242,1,0.9638,0.00025472,0.035843,0.00010052
2.6556,1.0031,1,0.98653,0.00014614,0.013307,1.8013e-05
1.9546,1.3791,1,0.90581,0.00032318,0.093278,0.00058972
1.4837,0.27407,1,0.98734,7.0415e-06,0.01261,3.9063e-05
2.2862,1.424,1,0.93445,0.00046057,0.064822,0.00026335
2.109,0.82483,1,0.98044,6.0344e-05,0.019453,4.7718e-05
3.9524,2.6752,1,0.83012,0.062277,0.10743,0.00017735
1.3944,0.50973,1,0.97388,1.448e-05,0.025978,0.00012473
1.6435,1.7423,1,0.70136,0.00070876,0.2932,0.0047296
2.9686,2.1736,1,0.85265,0.0072276,0.13959,0.00053235
1.274,0.10661,1,0.98858,3.6235e-06,0.011381,3.8986e-05
3.8099,1.2963,1,0.99448,0.00071456,0.0048056,1.6653e-06
2.0418,0.79711,1,0.97981,5.3098e-05,0.020088,5.2621e-05
1.9233,1.6756,1,0.81117,0.00076104,0.18626,0.0018084
2.3753,1.3841,1,0.9476,0.00042881,0.051801,0.00017478
3.3395,1.529,1,0.98115,0.0011914,0.017641,1.6766e-05
1.2674,-0.9196,1,0.99914,1.2134e-07,0.00085468,7.8848e-07
3.1665,-0.052999,1,0.99957,5.8321e-06,0.00041951,6.745e-08
3.1371,0.91471,1,0.99474,0.00014157,0.0051168,2.9907e-06
2.1041,0.079959,1,0.99699,5.1739e-06,0.0029984,2.8388e-06
2.9254,0.7106,1,0.99571,6.4427e-05,0.0042189,2.6089e-06
2.1302,1.8504,1,0.79059,0.0014769,0.2061,0.0018347
1.9587,2.2437,1,0.51377,0.0032329,0.47392,0.0090685
0.90276,0.56072,1,0.93869,1.2767e-05,0.06064,0.00065245
3.11,2.2713,1,0.84594,0.010679,0.14289,0.00049931
0.98151,1.179,1,0.78019,8.5964e-05,0.21516,0.0045586
-0.61678,-0.62624,1,0.96777,1.1557e-07,0.031501,0.00072629
3.3423,1.4124,1,0.98605,0.00081448,0.013125,1.069e-05
1.1486,0.24877,1,0.98026,5.3905e-06,0.019638,9.759e-05
1.3488,0.1535,1,0.98853,4.4028e-06,0.01143,3.7151e-05
1.3375,0.27459,1,0.98418,6.5113e-06,0.015754,6.0873e-05
1.9298,0.063157,1,0.99624,4.462e-06,0.0037515,4.5203e-06
2.5165,0.67723,1,0.99271,4.6388e-05,0.0072385,7.9422e-06
3.1027,1.3781,1,0.98204,0.00063832,0.017305,1.9352e-05
1.4544,0.4695,1,0.97841,1.3138e-05,0.021486,8.9477e-05
2.044,2.1599,1,0.59929,0.0029864,0.39181,0.0059175
2.5109,1.652,1,0.91807,0.0010846,0.080534,0.00031274
1.9791,0.93261,1,0.96894,7.9638e-05,0.030873,0.00010584
3.0373,2.3295,1,0.80994,0.011937,0.17737,0.00074552
2.9022,1.9293,1,0.90799,0.0033058,0.088431,0.00027211
3.3025,2.0605,1,0.9254,0.0064236,0.068043,0.00013558
4.607,2.7013,1,0.85761,0.098947,0.043413,2.7627e-05
2.5071,0.17868,1,0.99791,8.8792e-06,0.0020777,1.2167e-06
2.356,0.62044,1,0.99194,3.5289e-05,0.0080095,1.0404e-05
0.91467,0.14336,1,0.97839,3.3542e-06,0.021471,0.00013255
0.72915,1.5026,1,0.50783,0.00014338,0.46992,0.022099
1.4132,1.1503,1,0.88209,0.00011088,0.11656,0.0012413
1.2056,1.0862,1,0.86463,7.8783e-05,0.1335,0.0017903
1.1867,1.7805,1,0.50981,0.00046012,0.47374,0.015986
1.3981,1.7478,1,0.61222,0.00055388,0.37833,0.0088983
1.6234,-0.22881,1,0.99713,1.4436e-06,0.0028606,3.7561e-06
1.9306,0.68304,1,0.98205,3.4387e-05,0.017868,4.7784e-05
1.0548,0.57388,1,0.94934,1.4609e-05,0.05021,0.00043689
2.494,1.7754,1,0.88843,0.0015667,0.10949,0.00051134
1.8154,-0.33,1,0.99835,1.1429e-06,0.001649,1.4231e-06
1.0713,0.5818,1,0.94959,1.5132e-05,0.049967,0.00042846
1.1751,-1.715,1,0.99987,8.2698e-09,0.00013037,4.9625e-08
2.1474,-0.015421,1,0.99779,3.8606e-06,0.002203,1.728e-06
2.9671,0.94936,1,0.99261,0.00014493,0.0072398,5.718e-06
0.6929,0.19148,1,0.96601,3.4575e-06,0.033678,0.00030902
2.9001,-0.38494,1,0.99973,1.6864e-06,0.00027155,4.2545e-08
2.1735,-0.44997,1,0.9993,9.275e-07,0.00070195,3.0245e-07
2.9476,1.7481,1,0.94386,0.0019296,0.054084,0.00012307
1.8497,0.69371,1,0.97917,3.4044e-05,0.020728,6.3489e-05
2.3254,0.40467,1,0.99511,1.7031e-05,0.0048653,5.0129e-06
2.6593,1.6814,1,0.92856,0.0013077,0.069906,0.00022544
3.0431,1.7525,1,0.95029,0.0020722,0.047541,9.4191e-05
1.4104,0.74871,1,0.95408,3.1605e-05,0.045601,0.00029077
0.14359,-0.31669,1,0.978,4.8617e-07,0.021764,0.00023758
3.7313,3.9467,1,0.098068,0.44446,0.45211,0.0053576
1.2799,-0.016351,1,0.9917,2.425e-06,0.0082759,2.3982e-05
0.40872,-0.24496,1,0.9824,7.1211e-07,0.017463,0.00014019
0.45969,-1.2281,1,0.99865,2.8514e-08,0.0013471,2.8226e-06
1.1189,0.058429,1,0.98719,2.8427e-06,0.012757,5.1882e-05
1.8749,2.3978,1,0.38416,0.0038554,0.5962,0.015784
1.357,0.9534,1,0.91899,5.8363e-05,0.080235,0.00072176
1.7065,1.0838,1,0.93312,0.00010972,0.066354,0.0004168
1.56,0.0098049,1,0.99422,3.0719e-06,0.0057679,1.1332e-05
3.249,2.6382,1,0.71719,0.032893,0.24879,0.0011309
0.554,0.09737,1,0.96683,2.3544e-06,0.03284,0.00032912
1.8012,0.25001,1,0.99265,7.7226e-06,0.0073245,1.363e-05
4.2299,1.7155,1,0.98916,0.0035595,0.0072825,2.2986e-06
0.2678,0.15076,1,0.94217,2.3565e-06,0.056885,0.00094019
2.6545,-0.42121,1,0.99964,1.3141e-06,0.00036102,7.8176e-08
0.99468,-0.6094,1,0.99714,2.936e-07,0.0028534,5.9215e-06
1.2965,0.35291,1,0.97952,8.2238e-06,0.020378,9.2653e-05
2.7622,0.20851,1,0.99847,1.1215e-05,0.0015158,6.2789e-07
1.6029,1.2211,1,0.8933,0.0001569,0.10562,0.00092577
1.9212,2.277,1,0.47787,0.0032918,0.5081,0.010738
2.4504,0.25129,1,0.99726,1.0959e-05,0.0027245,1.9082e-06
1.5746,1.8171,1,0.63515,0.00079343,0.35702,0.0070358
0.5111,-0.62686,1,0.99426,2.1429e-07,0.0057185,2.4056e-05
2.8877,0.48255,1,0.99746,2.9699e-05,0.0025072,1.2233e-06
2.6432,1.5855,1,0.94192,0.00095694,0.056958,0.00016634
1.2633,0.32968,1,0.97968,7.4834e-06,0.020218,9.3804e-05
2.9214,1.2656,1,0.9824,0.00039967,0.017177,2.184e-05
1.2964,0.81571,1,0.93624,3.6481e-05,0.063204,0.00052167
1.0471,2.3073,1,0.17357,0.00083543,0.76297,0.062631
4.1297,1.8065,1,0.98479,0.0045468,0.01066,4.4003e-06
2.7145,0.92817,1,0.98979,0.00011797,0.010081,1.1338e-05
2.3985,1.0696,1,0.97664,0.00015763,0.023156,5.0323e-05
1.3015,1.0005,1,0.90224,6.5062e-05,0.096688,0.0010047
0.82633,0.15316,1,0.9747,3.2953e-06,0.025115,0.00017938
1.9891,1.0652,1,0.95762,0.00012281,0.04209,0.00016859
2.402,2.0869,1,0.75719,0.0035749,0.23733,0.001902
0.88939,1.7635,1,0.40354,0.00029445,0.56687,0.029298
1.0593,1.4375,1,0.67342,0.00018218,0.31804,0.0083602
2.2469,0.81435,1,0.98452,6.2922e-05,0.015391,3.0255e-05
1.3956,1.3107,1,0.82844,0.00017562,0.16911,0.002274
1.4635,1.07,1,0.90851,8.9832e-05,0.090596,0.00080647
0.73815,-0.88337,1,0.99789,1.0349e-07,0.0021095,4.5285e-06
2.3518,1.2983,1,0.95598,0.00032145,0.043558,0.00013634
1.7066,1.3496,1,0.87618,0.00024884,0.12249,0.0010835
2.6841,1.9471,1,0.87223,0.0030038,0.12422,0.00054335
1.7698,0.92453,1,0.95849,6.8709e-05,0.041254,0.00019188
1.6423,1.7645,1,0.68885,0.00074893,0.30532,0.0050778
2.8762,1.8437,1,0.92212,0.0024929,0.075172,0.00021543
1.8332,0.98476,1,0.95619,8.6538e-05,0.043521,0.00019882
1.6975,0.82316,1,0.96396,4.7531e-05,0.035826,0.00016308
1.1462,0.32196,1,0.97622,6.8347e-06,0.023644,0.00012957
2.7537,3.0797,1,0.28801,0.044035,0.65683,0.011125
3.1674,1.1806,1,0.99009,0.00034576,0.009559,7.518e-06
2.24,2.1768,1,0.6593,0.0038513,0.33302,0.0038251
2.2714,-0.12035,1,0.9986,2.9117e-06,0.0013957,7.9337e-07
1.0806,1.2959,1,0.75425,0.00012902,0.24052,0.0051019
3.1625,1.1509,1,0.99074,0.0003128,0.0089376,6.816e-06
1.6356,0.83871,1,0.95897,4.8196e-05,0.040774,0.00020788
0.77762,1.0555,1,0.77982,5.1251e-05,0.21484,0.0052796
2.3065,1.529,1,0.91833,0.00064812,0.080662,0.0003639
1.3039,0.044732,1,0.99066,3.0042e-06,0.0093071,2.814e-05
2.9822,0.92456,1,0.99321,0.00013463,0.0066455,4.969e-06
2.5649,1.5751,1,0.93671,0.00088213,0.062204,0.00020169
2.7634,0.82619,1,0.99267,8.6552e-05,0.0072371,6.6308e-06
2.3862,0.82208,1,0.9872,6.9649e-05,0.012709,2.0453e-05
2.893,2.7598,1,0.53174,0.030272,0.43404,0.0039465
2.4185,2.378,1,0.60228,0.0075323,0.3858,0.0043871
0.59299,0.63644,1,0.8862,1.3166e-05,0.11167,0.0021131
1.8227,-0.57333,1,0.99912,5.1227e-07,0.00087892,5.4832e-07
2.7266,2.1016,1,0.83023,0.0048804,0.16407,0.00082128
2.2653,1.8424,1,0.82573,0.0016125,0.17143,0.0012321
1.3246,0.16926,1,0.98762,4.5762e-06,0.012336,4.244e-05
1.6462,2.3036,1,0.35723,0.0023263,0.61992,0.020523
3.1106,2.0223,1,0.91296,0.0050481,0.081784,0.00020718
0.68809,-0.95961,1,0.99812,7.8298e-08,0.0018769,3.9387e-06
3.4325,0.87297,1,0.99692,0.00014427,0.0029302,1.0398e-06
1.9012,-0.10665,1,0.99745,2.5056e-06,0.0025484,2.5763e-06
2.9427,0.56045,1,0.99715,3.9569e-05,0.0028082,1.3942e-06
1.5331,0.90597,1,0.94384,5.6181e-05,0.055738,0.0003617
1.8351,1.8874,1,0.68543,0.0012395,0.30883,0.004499
0.62444,1.173,1,0.67252,6.0215e-05,0.31604,0.011382
2.231,0.97074,1,0.97655,0.00010397,0.023285,5.7346e-05
2.8285,3.4716,2,0.13832,0.080702,0.76188,0.019097
4.6441,6.0185,2,0.0001371,0.96834,0.030221,0.001304
3.9154,4.9124,2,0.0060367,0.74179,0.24456,0.0076167
4.8774,5.7744,2,0.00027486,0.97646,0.02276,0.00050442
3.7177,5.2863,2,0.0018679,0.71487,0.26525,0.018014
4.4925,5.0874,2,0.0030795,0.91536,0.080249,0.0013116
4.7981,3.7832,2,0.16107,0.74349,0.095253,0.00018309
4.3736,4.4388,2,0.025286,0.82145,0.15198,0.0012888
3.9282,2.9456,2,0.68992,0.12531,0.18432,0.0004471
3.5673,5.0969,2,0.0032514,0.61345,0.35931,0.023986
4.2911,4.7434,2,0.0098558,0.84216,0.14591,0.0020746
4.7662,5.3216,2,0.0012838,0.95826,0.039873,0.0005833
3.1396,5.4663,2,0.0008539,0.43822,0.4656,0.095322
4.2687,5.375,2,0.0013054,0.89569,0.099698,0.0033078
3.7777,5.0514,2,0.0038952,0.7058,0.27758,0.012725
3.7975,2.5135,2,0.86999,0.03519,0.094664,0.00016027
3.7996,4.4358,2,0.025327,0.60261,0.36475,0.0073217
3.1767,5.5233,2,0.0007394,0.46738,0.44018,0.091698
3.4495,4.7674,2,0.0082815,0.49247,0.4745,0.024751
3.911,5.4862,2,0.00098987,0.81391,0.1737,0.011403
2.5915,5.2016,2,0.00097968,0.15666,0.6321,0.21026
4.9508,5.5713,2,0.00051852,0.97624,0.022888,0.00034961
3.1433,2.9819,2,0.47131,0.063936,0.46093,0.003826
4.2071,4.7972,2,0.0084467,0.8256,0.16313,0.0028216
4.1843,4.4809,2,0.022791,0.77085,0.20393,0.0024292
3.9492,5.1482,2,0.0028796,0.7873,0.20174,0.0080897
4.6319,5.6756,2,0.00042594,0.95845,0.039996,0.0011302
5.1962,5.3861,2,0.00084834,0.98298,0.01604,0.00013331
4.7753,6.6413,2,1.6487e-05,0.98436,0.014478,0.0011431
4.6649,5.0074,2,0.003744,0.93447,0.061093,0.00069459
2.3699,4.682,2,0.0030682,0.077951,0.74233,0.17665
4.0526,5.479,2,0.00098856,0.85478,0.13703,0.0071991
3.8619,6.4213,2,4.9179e-05,0.87596,0.10034,0.023652
3.8831,4.8763,2,0.0067466,0.72306,0.26201,0.0081783
3.9274,4.2642,2,0.043195,0.62203,0.33039,0.0043846
3.5476,3.8108,2,0.12493,0.32754,0.54043,0.0070909
4.7958,5.4225,2,0.00090974,0.96364,0.034893,0.00055588
4.2452,5.2673,2,0.0018616,0.8827,0.11208,0.0033537
4.4953,4.9219,2,0.0052568,0.90401,0.089555,0.0011778
4.9165,6.2186,2,6.2208e-05,0.98437,0.015013,0.00055591
5.2199,6.4634,2,2.3754e-05,0.99306,0.0067053,0.00021538
3.5689,5.1907,2,0.0024433,0.62988,0.34198,0.025701
3.0256,5.6473,2,0.00044903,0.39557,0.46213,0.14185
5.7507,5.6129,2,0.00030252,0.99533,0.0043469,2.0975e-05
4.6216,5.1631,2,0.0022921,0.93742,0.059403,0.00088113
5.1674,5.4056,2,0.00080677,0.98229,0.016754,0.00014913
2.75,4.2717,2,0.016595,0.13202,0.78899,0.062398
4.1164,8.1198,2,1.6814e-07,0.95758,0.017444,0.024978
4.3322,3.9668,2,0.10438,0.69336,0.20128,0.00098918
4.335,4.5659,2,0.017111,0.83049,0.1508,0.0015968
4.3813,5.1441,3,0.0026602,0.90036,0.095,0.0019755
2.3681,2.6438,3,0.41433,0.012185,0.56375,0.0097407
3.1628,4.8657,3,0.0050886,0.36056,0.58133,0.053025
0.99075,2.3415,3,0.14877,0.00077865,0.77781,0.072638
3.7147,4.701,3,0.011228,0.61566,0.36151,0.011604
2.2859,1.6372,3,0.89205,0.00089171,0.10649,0.00056968
2.1119,4.0317,3,0.012077,0.030994,0.83072,0.12621
1.7895,3.6142,3,0.02165,0.011742,0.84475,0.12186
2.9292,4.4891,3,0.01153,0.2072,0.72349,0.057776
1.1026,2.8062,3,0.057339,0.0014866,0.82304,0.11814
1.7053,3.6446,3,0.017321,0.0099433,0.83115,0.14159
1.0113,2.2374,3,0.19234,0.00072054,0.74773,0.059203
2.8058,3.7317,3,0.072358,0.098851,0.79979,0.029006
2.1952,3.509,3,0.053804,0.025477,0.86182,0.058899
1.9888,4.3333,3,0.004261,0.027868,0.76227,0.2056
0.89335,3.1388,3,0.016364,0.0011453,0.75459,0.2279
2.7726,3.6633,3,0.082078,0.087819,0.8021,0.028
1.7957,2.9193,3,0.12433,0.0067512,0.82097,0.047947
1.9657,2.5068,3,0.35162,0.005314,0.62642,0.016643
1.4354,3.2688,3,0.029879,0.0042786,0.83428,0.13156
1.7411,2.001,3,0.58447,0.0014667,0.40617,0.0078924
0.75789,2.4999,3,0.071377,0.00055899,0.7982,0.12986
2.0635,4.2343,3,0.0063996,0.031354,0.79382,0.16843
1.4424,3.7282,3,0.0086524,0.0057078,0.76883,0.21681
1.3249,-0.072226,3,0.99327,2.0663e-06,0.006711,1.691e-05
0.38168,1.3774,3,0.44947,6.9777e-05,0.51562,0.034842
2.9074,2.7079,3,0.57017,0.027537,0.39897,0.0033204
2.2399,2.1341,3,0.68343,0.0034654,0.30974,0.0033677
2.6709,4.4477,3,0.0092544,0.12661,0.77726,0.086877
2.3726,4.2504,3,0.010164,0.061774,0.81702,0.11105
2.9609,3.5389,3,0.13822,0.10805,0.73722,0.016506
1.5051,3.5639,3,0.01525,0.0060302,0.81045,0.16827
-0.15836,3.1515,3,0.0016686,7.0099e-05,0.39948,0.59878
1.7887,3.7574,3,0.01473,0.012843,0.8285,0.14393
3.4597,2.2285,3,0.90753,0.011945,0.080364,0.00015687
3.1736,4.7843,3,0.0064886,0.35298,0.59265,0.047884
3.5506,4.3741,3,0.027366,0.46559,0.49372,0.013323
1.4054,3.3307,3,0.024085,0.0041694,0.82441,0.14733
1.4252,2.338,3,0.26355,0.0017128,0.70089,0.033848
1.597,3.1116,3,0.058229,0.0053895,0.85053,0.085851
2.9716,2.6444,3,0.63144,0.025549,0.34064,0.0023711
2.4853,5.1797,3,0.00088282,0.12418,0.63422,0.24072
0.85711,3.0634,3,0.018884,0.00101,0.76008,0.22003
2.4437,5.6328,3,0.00020836,0.12887,0.50506,0.36587
2.0871,3.6072,3,0.035574,0.022043,0.86355,0.078831
3.5453,3.8627,3,0.10948,0.34055,0.54233,0.0076342
-0.051204,0.48373,3,0.80696,5.1503e-06,0.18542,0.0076122
1.8893,3.5985,3,0.026577,0.014421,0.855,0.104
1.8633,2.1408,3,0.54288,0.0023091,0.44618,0.0086333
3.9067,5.315,3,0.0017059,0.79302,0.19495,0.010332
1.1687,3.2438,3,0.020169,0.0023109,0.79585,0.18167
3.1963,2.8497,3,0.57531,0.051755,0.37054,0.0023948
0.8831,1.2719,3,0.70541,0.00010044,0.28655,0.0079369
2.5354,3.1493,3,0.197,0.033831,0.74986,0.019308
1.8379,2.1798,3,0.50799,0.0024266,0.47945,0.010137
3.4077,4.8184,3,0.0069655,0.47987,0.48443,0.028738
1.0345,3.8178,3,0.0030057,0.0021544,0.6275,0.36734
2.3219,2.9194,3,0.24428,0.017492,0.71923,0.019003
3.3929,4.6259,3,0.01208,0.43614,0.52684,0.024944
1.1379,1.8346,3,0.4556,0.00047945,0.52354,0.020387
1.6779,1.4909,3,0.82507,0.00036881,0.17265,0.001913
2.1158,2.866,3,0.21278,0.011455,0.75051,0.025256
3.4852,3.5539,3,0.21809,0.23604,0.54028,0.0055943
2.1904,5.633,3,0.00012626,0.068404,0.45181,0.47966
2.3643,3.4239,3,0.084659,0.033034,0.84233,0.039978
2.0819,4.1895,3,0.0074736,0.031859,0.80405,0.15662
1.9572,2.4355,3,0.39146,0.0046498,0.58942,0.014471
2.0962,3.7465,3,0.025138,0.024847,0.85762,0.092399
1.9801,1.5072,3,0.87822,0.0004856,0.12043,0.00086399
1.0696,2.43,3,0.13609,0.00099567,0.78954,0.073379
2.1456,2.7305,3,0.28681,0.010004,0.68468,0.018502
1.2581,3.0982,3,0.034771,0.0025762,0.82604,0.13662
4.1057,3.5465,3,0.29372,0.42974,0.27543,0.0011085
0.72479,3.8796,3,0.0012624,0.00094381,0.49615,0.50165
1.3044,2.9893,3,0.049816,0.0026355,0.83555,0.112
2.1439,4.2087,3,0.0078689,0.036939,0.80823,0.14697
2.0732,3.6277,3,0.033019,0.02174,0.86267,0.082572
1.1831,1.7176,3,0.5489,0.00040126,0.43703,0.013673
3.0141,4.661,3,0.0078737,0.26171,0.67154,0.05888
0.88513,2.3014,3,0.14019,0.00060754,0.77827,0.080931
0.68761,1.7431,3,0.33983,0.00020841,0.6178,0.04216
3.5706,3.1368,3,0.49015,0.13912,0.36877,0.0019619
3.125,4.2602,3,0.026715,0.24909,0.6935,0.0307
1.3415,2.4457,3,0.19098,0.0016978,0.75952,0.047804
1.4429,2.0865,3,0.41415,0.0011799,0.56544,0.01923
0.27919,0.74702,3,0.7814,1.4207e-05,0.21119,0.0073954
2.8111,2.6509,3,0.57273,0.021764,0.40191,0.0035937
1.6904,5.0152,3,0.0003041,0.016325,0.48729,0.49608
1.7464,3.5514,3,0.023797,0.010247,0.84584,0.12012
1.3956,2.6925,3,0.11873,0.0024621,0.81393,0.064881
1.0751,3.9765,3,0.0020233,0.0025077,0.59414,0.40133
4.7886,5.1224,3,0.0024427,0.9529,0.044172,0.00048338
1.9893,1.3359,3,0.91887,0.00028933,0.080381,0.00045617
1.9719,2.3337,3,0.46109,0.0039377,0.52394,0.011035
2.716,3.3212,3,0.16921,0.056514,0.75578,0.018495
1.0783,3.6997,3,0.0046716,0.0023153,0.67522,0.31779
1.1357,2.7047,3,0.077996,0.0014694,0.82204,0.098499
1.7928,2.5727,3,0.2586,0.0044406,0.7103,0.026659
1.8232,3.3608,3,0.044214,0.010533,0.86015,0.085107
2.7994,3.1594,3,0.25947,0.052939,0.67575,0.01184
2.104,2.9367,3,0.18088,0.012235,0.7777,0.029184
2.9274,3.6896,3,0.093106,0.11792,0.76704,0.021933
1.6226,1.4215,3,0.83793,0.00028903,0.16002,0.0017625
1.0972,0.63946,3,0.9442,1.8467e-05,0.055288,0.0004911
1.989,4.3238,3,0.0043774,0.027749,0.76428,0.20359
1.2247,2.6794,3,0.095141,0.0017267,0.81998,0.083149
0.89424,1.5971,3,0.51244,0.00021586,0.46797,0.019378
1.4155,3.7232,3,0.0083502,0.0053427,0.76353,0.22278
1.0248,2.2123,3,0.20644,0.00071664,0.73745,0.055391
1.7023,3.5004,3,0.025313,0.0089921,0.84554,0.12016
2.6778,2.7837,3,0.43899,0.024163,0.52998,0.0068752
0.88202,1.2379,3,0.72293,9.191e-05,0.26981,0.0071649
2.5177,3.2569,3,0.15287,0.037162,0.78609,0.023879
1.8674,4.6951,3,0.0011884,0.024211,0.64281,0.33179
2.3229,4.9311,3,0.0013891,0.078647,0.68045,0.23952
2.4841,2.0068,3,0.81262,0.0030707,0.18314,0.0011696
2.1312,3.6574,3,0.033471,0.025076,0.86283,0.078627
0.053243,0.96684,3,0.58396,1.9548e-05,0.3905,0.025517
1.7843,2.9195,3,0.1223,0.0066054,0.82223,0.048864
2.1269,1.0282,3,0.96843,0.00011814,0.031359,9.7299e-05
1.5029,1.2242,3,0.87679,0.00014762,0.12182,0.0012464
3.1876,4.1205,3,0.041408,0.25107,0.68449,0.023032
2.7007,3.0026,3,0.31425,0.036179,0.63896,0.010614
3.2743,4.2868,3,0.028646,0.31552,0.63269,0.023144
2.8317,4.0817,3,0.030579,0.13519,0.79094,0.043296
3.2968,5.5963,3,0.00063751,0.54679,0.38001,0.072566
0.48309,2.9333,3,0.013432,0.00038328,0.68953,0.29665
1.113,3.4825,3,0.0093662,0.0023003,0.73884,0.24949
2.7033,2.8408,3,0.41191,0.027771,0.55289,0.0074282
2.6764,2.7557,3,0.45645,0.022876,0.51423,0.0064478
2.2427,3.6869,3,0.036813,0.032247,0.86197,0.068969
1.1323,4.963,3,9.3988e-05,0.0031648,0.3107,0.68604
3.0414,3.0377,3,0.40223,0.062231,0.53003,0.0055117
2.7471,4.3379,3,0.013834,0.13686,0.78169,0.067613
2.3559,4.0847,3,0.015462,0.05377,0.83658,0.094185
2.4654,2.5787,3,0.49216,0.012277,0.48885,0.0067087
1.3017,3.5729,3,0.010325,0.0037788,0.767,0.21889
1.7001,2.4865,3,0.27367,0.0033626,0.69608,0.026888
3.3214,4.2219,3,0.035623,0.32434,0.62059,0.01945
1.3922,3.7634,3,0.0071374,0.0051538,0.74924,0.23847
2.4023,3.6984,3,0.045334,0.044854,0.85522,0.054588
1.8323,3.1998,3,0.067167,0.0094243,0.85555,0.067859
2.8143,4.3365,3,0.015166,0.15468,0.77008,0.060075
0.9485,2.4062,3,0.12058,0.00076487,0.79289,0.085771
1.6846,4.008,3,0.0061458,0.011647,0.76697,0.21524
1.8522,2.2167,3,0.48986,0.0026644,0.4967,0.010776
1.8142,4.4084,3,0.0024922,0.01908,0.70564,0.27279
2.4175,3.0344,3,0.2171,0.023936,0.73935,0.019611
2.8736,2.4129,3,0.73102,0.013035,0.25442,0.0015237
0.12719,1.4995,3,0.27917,5.6855e-05,0.64581,0.074963
0.96022,3.0879,4,0.02129,0.0013035,0.77836,0.19905
2.0704,4.6208,4,0.0021746,0.038528,0.71303,0.24627
1.9701,2.3441,4,0.45376,0.0040066,0.53087,0.011363
2.2092,4.6733,4,0.0023962,0.054357,0.72568,0.21756
2.611,4.9437,4,0.0021276,0.14614,0.6915,0.16023
-1.3408,3.9758,4,3.1206e-06,1.0846e-06,0.037353,0.96264
1.0114,4.2663,4,0.00070828,0.0022202,0.47934,0.51773
-1.2932,2.3018,4,0.0016774,2.3185e-06,0.26432,0.734
0.60285,4.511,4,0.00011314,0.00064425,0.26713,0.73211
1.3761,3.3815,4,0.019973,0.0040302,0.81374,0.16226
1.6651,2.8542,4,0.12012,0.0049066,0.82127,0.0537
0.63313,3.8766,4,0.0010309,0.00072733,0.4629,0.53534
1.431,2.011,4,0.45754,0.0010082,0.52496,0.016491
5.0802,5.2982,4,0.0011995,0.97693,0.021674,0.00019164
-0.28523,4.1781,4,3.2342e-05,3.8282e-05,0.12804,0.87189
2.9362,4.8545,4,0.0041887,0.25391,0.65859,0.08332
1.6786,4.9284,4,0.00039031,0.015616,0.51072,0.47328
0.69822,5.7809,4,1.4713e-06,0.0005945,0.075813,0.92359
-1.2892,3.3029,4,4.5428e-05,1.7407e-06,0.09073,0.90922
1.1884,3.6251,4,0.0071961,0.0029513,0.72668,0.26318
1.4462,4.3856,4,0.0012748,0.0074586,0.59936,0.3919
0.015998,5.3937,4,8.4015e-07,6.5668e-05,0.046094,0.95384
0.66128,4.0813,4,0.00056501,0.00079753,0.40883,0.58981
-0.34969,3.3778,4,0.00047602,3.831e-05,0.27183,0.72766
1.1718,3.3305,4,0.015985,0.002446,0.78271,0.19886
0.7439,3.5078,4,0.0041721,0.00091788,0.61852,0.37639
-0.068409,3.2613,4,0.001444,9.1556e-05,0.39816,0.60031
-0.93879,4.4768,4,1.5584e-06,3.5242e-06,0.035972,0.96402
-1.1729,4.0975,4,3.2524e-06,1.8483e-06,0.040985,0.95901
2.0156,5.6632,4,7.7762e-05,0.04249,0.39296,0.56447
